{
  "name": "",
  "isOrdered": true,
  "folders": {
    "activemq": {
      "name": "activemq",
      "isOrdered": true,
      "folders": {},
      "files": {}
    },
    "alfresco": {
      "name": "alfresco",
      "isOrdered": true,
      "folders": {},
      "files": {}
    },
    "ambari-agent": {
      "name": "ambari-agent",
      "isOrdered": true,
      "folders": {},
      "files": {}
    },
    "ambari-server": {
      "name": "ambari-server",
      "isOrdered": true,
      "folders": {},
      "files": {}
    },
    "ansible-awx": {
      "name": "ansible-awx",
      "isOrdered": true,
      "folders": {},
      "files": {}
    },
    "ansistrano": {
      "name": "ansistrano",
      "isOrdered": true,
      "folders": {},
      "files": {}
    },
    "apache-proxy": {
      "name": "apache-proxy",
      "isOrdered": true,
      "folders": {},
      "files": {}
    },
    "apache": {
      "name": "apache",
      "isOrdered": true,
      "folders": {},
      "files": {}
    },
    "asterisk": {
      "name": "asterisk",
      "isOrdered": true,
      "folders": {},
      "files": {}
    },
    "auditbeat": {
      "name": "auditbeat",
      "isOrdered": true,
      "folders": {},
      "files": {}
    },
    "autofs": {
      "name": "autofs",
      "isOrdered": true,
      "folders": {},
      "files": {}
    },
    "bacula-agent": {
      "name": "bacula-agent",
      "isOrdered": true,
      "folders": {},
      "files": {}
    },
    "bacula-director": {
      "name": "bacula-director",
      "isOrdered": true,
      "folders": {},
      "files": {}
    },
    "bacula-storage": {
      "name": "bacula-storage",
      "isOrdered": true,
      "folders": {},
      "files": {}
    },
    "ballerina": {
      "name": "ballerina",
      "isOrdered": true,
      "folders": {},
      "files": {}
    },
    "basic-disk": {
      "name": "basic-disk",
      "isOrdered": true,
      "folders": {},
      "files": {}
    },
    "basic-firewalld": {
      "name": "basic-firewalld",
      "isOrdered": true,
      "folders": {},
      "files": {}
    },
    "basic-interface": {
      "name": "basic-interface",
      "isOrdered": true,
      "folders": {},
      "files": {}
    },
    "basic-route": {
      "name": "basic-route",
      "isOrdered": true,
      "folders": {},
      "files": {}
    },
    "basic-server": {
      "name": "basic-server",
      "isOrdered": true,
      "folders": {},
      "files": {}
    },
    "basic-user": {
      "name": "basic-user",
      "isOrdered": true,
      "folders": {},
      "files": {}
    },
    "bind": {
      "name": "bind",
      "isOrdered": true,
      "folders": {},
      "files": {}
    },
    "brms": {
      "name": "brms",
      "isOrdered": true,
      "folders": {},
      "files": {}
    },
    "cassandra": {
      "name": "cassandra",
      "isOrdered": true,
      "folders": {},
      "files": {}
    },
    "centreon-agent": {
      "name": "centreon-agent",
      "isOrdered": true,
      "folders": {},
      "files": {}
    },
    "centreon-poller": {
      "name": "centreon-poller",
      "isOrdered": true,
      "folders": {},
      "files": {}
    },
    "centreon-prov": {
      "name": "centreon-prov",
      "isOrdered": true,
      "folders": {},
      "files": {}
    },
    "centreon-server": {
      "name": "centreon-server",
      "isOrdered": true,
      "folders": {},
      "files": {}
    },
    "ceph-client": {
      "name": "ceph-client",
      "isOrdered": true,
      "folders": {},
      "files": {}
    },
    "ceph-server": {
      "name": "ceph-server",
      "isOrdered": true,
      "folders": {},
      "files": {}
    },
    "cerebro": {
      "name": "cerebro",
      "isOrdered": true,
      "folders": {},
      "files": {}
    },
    "composer": {
      "name": "composer",
      "isOrdered": true,
      "folders": {},
      "files": {}
    },
    "confd": {
      "name": "confd",
      "isOrdered": true,
      "folders": {},
      "files": {}
    },
    "consul-provider": {
      "name": "consul-provider",
      "isOrdered": true,
      "folders": {},
      "files": {}
    },
    "consul": {
      "name": "consul",
      "isOrdered": true,
      "folders": {},
      "files": {}
    },
    "coturn": {
      "name": "coturn",
      "isOrdered": true,
      "folders": {},
      "files": {}
    },
    "csync2-lsyncd": {
      "name": "csync2-lsyncd",
      "isOrdered": true,
      "folders": {},
      "files": {}
    },
    "debian-backports": {
      "name": "debian-backports",
      "isOrdered": true,
      "folders": {},
      "files": {}
    },
    "docker-swarm": {
      "name": "docker-swarm",
      "isOrdered": true,
      "folders": {},
      "files": {}
    },
    "docker": {
      "name": "docker",
      "isOrdered": true,
      "folders": {},
      "files": {}
    },
    "dotnet": {
      "name": "dotnet",
      "isOrdered": true,
      "folders": {},
      "files": {}
    },
    "drbd": {
      "name": "drbd",
      "isOrdered": true,
      "folders": {},
      "files": {}
    },
    "drupal": {
      "name": "drupal",
      "isOrdered": true,
      "folders": {},
      "files": {}
    },
    "elastic-apm": {
      "name": "elastic-apm",
      "isOrdered": true,
      "folders": {},
      "files": {}
    },
    "elastic": {
      "name": "elastic",
      "isOrdered": true,
      "folders": {},
      "files": {}
    },
    "elasticsearch": {
      "name": "elasticsearch",
      "isOrdered": true,
      "folders": {},
      "files": {}
    },
    "erlang": {
      "name": "erlang",
      "isOrdered": true,
      "folders": {},
      "files": {}
    },
    "etcd": {
      "name": "etcd",
      "isOrdered": true,
      "folders": {},
      "files": {}
    },
    "etherpad": {
      "name": "etherpad",
      "isOrdered": true,
      "folders": {},
      "files": {}
    },
    "face-recognition": {
      "name": "face-recognition",
      "isOrdered": true,
      "folders": {},
      "files": {}
    },
    "fail2ban": {
      "name": "fail2ban",
      "isOrdered": true,
      "folders": {},
      "files": {}
    },
    "filebeat": {
      "name": "filebeat",
      "isOrdered": true,
      "folders": {},
      "files": {}
    },
    "flywaydb": {
      "name": "flywaydb",
      "isOrdered": true,
      "folders": {},
      "files": {}
    },
    "foreman-init": {
      "name": "foreman-init",
      "isOrdered": true,
      "folders": {},
      "files": {}
    },
    "foreman-provider": {
      "name": "foreman-provider",
      "isOrdered": true,
      "folders": {},
      "files": {}
    },
    "foreman": {
      "name": "foreman",
      "isOrdered": true,
      "folders": {
        "defaults": {
          "name": "defaults",
          "isOrdered": true,
          "folders": {},
          "files": {}
        },
        "files": {
          "name": "files",
          "isOrdered": true,
          "folders": {},
          "files": {}
        },
        "handlers": {
          "name": "handlers",
          "isOrdered": true,
          "folders": {},
          "files": {}
        },
        "meta": {
          "name": "meta",
          "isOrdered": true,
          "folders": {},
          "files": {}
        },
        "module_utils": {
          "name": "module_utils",
          "isOrdered": true,
          "folders": {},
          "files": {}
        },
        "molecule": {
          "name": "molecule",
          "isOrdered": true,
          "folders": {},
          "files": {}
        },
        "tasks": {
          "name": "tasks",
          "isOrdered": true,
          "folders": {},
          "files": {}
        },
        "templates": {
          "name": "templates",
          "isOrdered": true,
          "folders": {},
          "files": {}
        },
        "vars": {
          "name": "vars",
          "isOrdered": true,
          "folders": {},
          "files": {}
        }
      },
      "files": {
        "README": 0
      }
    },
    "freeipa-client": {
      "name": "freeipa-client",
      "isOrdered": true,
      "folders": {},
      "files": {}
    },
    "freeipa-provider": {
      "name": "freeipa-provider",
      "isOrdered": true,
      "folders": {},
      "files": {}
    },
    "freeipa-server": {
      "name": "freeipa-server",
      "isOrdered": true,
      "folders": {},
      "files": {}
    },
    "freeradius-mysql": {
      "name": "freeradius-mysql",
      "isOrdered": true,
      "folders": {},
      "files": {}
    },
    "freeradius-proxy": {
      "name": "freeradius-proxy",
      "isOrdered": true,
      "folders": {},
      "files": {}
    },
    "freeradius": {
      "name": "freeradius",
      "isOrdered": true,
      "folders": {},
      "files": {}
    },
    "generic-service": {
      "name": "generic-service",
      "isOrdered": true,
      "folders": {},
      "files": {}
    },
    "generic-webapp": {
      "name": "generic-webapp",
      "isOrdered": true,
      "folders": {},
      "files": {}
    },
    "genieacs-gui": {
      "name": "genieacs-gui",
      "isOrdered": true,
      "folders": {},
      "files": {}
    },
    "genieacs": {
      "name": "genieacs",
      "isOrdered": true,
      "folders": {},
      "files": {}
    },
    "gitlab-runner": {
      "name": "gitlab-runner",
      "isOrdered": true,
      "folders": {},
      "files": {}
    },
    "gitlab-server": {
      "name": "gitlab-server",
      "isOrdered": true,
      "folders": {},
      "files": {}
    },
    "gitlist": {
      "name": "gitlist",
      "isOrdered": true,
      "folders": {},
      "files": {}
    },
    "glassfish": {
      "name": "glassfish",
      "isOrdered": true,
      "folders": {},
      "files": {}
    },
    "glpi": {
      "name": "glpi",
      "isOrdered": true,
      "folders": {},
      "files": {}
    },
    "glusterfs": {
      "name": "glusterfs",
      "isOrdered": true,
      "folders": {},
      "files": {}
    },
    "grafana": {
      "name": "grafana",
      "isOrdered": true,
      "folders": {},
      "files": {}
    },
    "guacamole": {
      "name": "guacamole",
      "isOrdered": true,
      "folders": {},
      "files": {}
    },
    "hadoop": {
      "name": "hadoop",
      "isOrdered": true,
      "folders": {},
      "files": {}
    },
    "haproxy": {
      "name": "haproxy",
      "isOrdered": true,
      "folders": {},
      "files": {}
    },
    "hbase": {
      "name": "hbase",
      "isOrdered": true,
      "folders": {},
      "files": {}
    },
    "ioncube": {
      "name": "ioncube",
      "isOrdered": true,
      "folders": {},
      "files": {}
    },
    "ipsec": {
      "name": "ipsec",
      "isOrdered": true,
      "folders": {},
      "files": {}
    },
    "jitsi-jibri": {
      "name": "jitsi-jibri",
      "isOrdered": true,
      "folders": {},
      "files": {}
    },
    "jitsi-jicofo": {
      "name": "jitsi-jicofo",
      "isOrdered": true,
      "folders": {},
      "files": {}
    },
    "jitsi-jigasi": {
      "name": "jitsi-jigasi",
      "isOrdered": true,
      "folders": {},
      "files": {}
    },
    "jitsi-meet": {
      "name": "jitsi-meet",
      "isOrdered": true,
      "folders": {},
      "files": {}
    },
    "jitsi-videobridge": {
      "name": "jitsi-videobridge",
      "isOrdered": true,
      "folders": {},
      "files": {}
    },
    "kafka": {
      "name": "kafka",
      "isOrdered": true,
      "folders": {},
      "files": {}
    },
    "katello-agent": {
      "name": "katello-agent",
      "isOrdered": true,
      "folders": {},
      "files": {}
    },
    "keepalived": {
      "name": "keepalived",
      "isOrdered": true,
      "folders": {},
      "files": {}
    },
    "keycloak": {
      "name": "keycloak",
      "isOrdered": true,
      "folders": {},
      "files": {}
    },
    "kibana": {
      "name": "kibana",
      "isOrdered": true,
      "folders": {},
      "files": {}
    },
    "kubernetes": {
      "name": "kubernetes",
      "isOrdered": true,
      "folders": {},
      "files": {}
    },
    "ldap-user": {
      "name": "ldap-user",
      "isOrdered": true,
      "folders": {},
      "files": {}
    },
    "letsencrypt": {
      "name": "letsencrypt",
      "isOrdered": true,
      "folders": {},
      "files": {}
    },
    "libvirt-kvm": {
      "name": "libvirt-kvm",
      "isOrdered": true,
      "folders": {},
      "files": {}
    },
    "logstash": {
      "name": "logstash",
      "isOrdered": true,
      "folders": {},
      "files": {}
    },
    "lua": {
      "name": "lua",
      "isOrdered": true,
      "folders": {},
      "files": {}
    },
    "mariadb-galera-cluster": {
      "name": "mariadb-galera-cluster",
      "isOrdered": true,
      "folders": {},
      "files": {}
    },
    "mariadb-server": {
      "name": "mariadb-server",
      "isOrdered": true,
      "folders": {},
      "files": {}
    },
    "memcached": {
      "name": "memcached",
      "isOrdered": true,
      "folders": {},
      "files": {}
    },
    "metricbeat": {
      "name": "metricbeat",
      "isOrdered": true,
      "folders": {},
      "files": {}
    },
    "mongodb-provider": {
      "name": "mongodb-provider",
      "isOrdered": true,
      "folders": {},
      "files": {}
    },
    "mongodb": {
      "name": "mongodb",
      "isOrdered": true,
      "folders": {},
      "files": {}
    },
    "mule-esb": {
      "name": "mule-esb",
      "isOrdered": true,
      "folders": {},
      "files": {}
    },
    "mysql-provider": {
      "name": "mysql-provider",
      "isOrdered": true,
      "folders": {},
      "files": {}
    },
    "neo4j": {
      "name": "neo4j",
      "isOrdered": true,
      "folders": {},
      "files": {}
    },
    "netdisco": {
      "name": "netdisco",
      "isOrdered": true,
      "folders": {},
      "files": {}
    },
    "newrelic-daemon": {
      "name": "newrelic-daemon",
      "isOrdered": true,
      "folders": {},
      "files": {}
    },
    "newrelic-php-agent": {
      "name": "newrelic-php-agent",
      "isOrdered": true,
      "folders": {},
      "files": {}
    },
    "nextcloud": {
      "name": "nextcloud",
      "isOrdered": true,
      "folders": {},
      "files": {}
    },
    "nfs-client": {
      "name": "nfs-client",
      "isOrdered": true,
      "folders": {},
      "files": {}
    },
    "nfs-server": {
      "name": "nfs-server",
      "isOrdered": true,
      "folders": {},
      "files": {}
    },
    "nginx": {
      "name": "nginx",
      "isOrdered": true,
      "folders": {},
      "files": {}
    },
    "nodejs": {
      "name": "nodejs",
      "isOrdered": true,
      "folders": {},
      "files": {}
    },
    "ntp": {
      "name": "ntp",
      "isOrdered": true,
      "folders": {},
      "files": {}
    },
    "odoo": {
      "name": "odoo",
      "isOrdered": true,
      "folders": {},
      "files": {}
    },
    "ogo-proxy": {
      "name": "ogo-proxy",
      "isOrdered": true,
      "folders": {},
      "files": {}
    },
    "openjdk": {
      "name": "openjdk",
      "isOrdered": true,
      "folders": {},
      "files": {}
    },
    "openldap": {
      "name": "openldap",
      "isOrdered": true,
      "folders": {},
      "files": {}
    },
    "opensips-server": {
      "name": "opensips-server",
      "isOrdered": true,
      "folders": {},
      "files": {}
    },
    "openstreetmap": {
      "name": "openstreetmap",
      "isOrdered": true,
      "folders": {},
      "files": {}
    },
    "openvpn": {
      "name": "openvpn",
      "isOrdered": true,
      "folders": {},
      "files": {}
    },
    "oracle-java": {
      "name": "oracle-java",
      "isOrdered": true,
      "folders": {},
      "files": {}
    },
    "ovirt-engine": {
      "name": "ovirt-engine",
      "isOrdered": true,
      "folders": {},
      "files": {}
    },
    "owncloud": {
      "name": "owncloud",
      "isOrdered": true,
      "folders": {},
      "files": {}
    },
    "pacemaker": {
      "name": "pacemaker",
      "isOrdered": true,
      "folders": {},
      "files": {}
    },
    "packetbeat": {
      "name": "packetbeat",
      "isOrdered": true,
      "folders": {},
      "files": {}
    },
    "php-fpm": {
      "name": "php-fpm",
      "isOrdered": true,
      "folders": {},
      "files": {}
    },
    "php": {
      "name": "php",
      "isOrdered": true,
      "folders": {},
      "files": {}
    },
    "phpipam-provider": {
      "name": "phpipam-provider",
      "isOrdered": true,
      "folders": {},
      "files": {}
    },
    "phpipam": {
      "name": "phpipam",
      "isOrdered": true,
      "folders": {},
      "files": {}
    },
    "phpmyadmin": {
      "name": "phpmyadmin",
      "isOrdered": true,
      "folders": {},
      "files": {}
    },
    "pm2": {
      "name": "pm2",
      "isOrdered": true,
      "folders": {},
      "files": {}
    },
    "pmm-client": {
      "name": "pmm-client",
      "isOrdered": true,
      "folders": {},
      "files": {}
    },
    "podman": {
      "name": "podman",
      "isOrdered": true,
      "folders": {},
      "files": {}
    },
    "portainer": {
      "name": "portainer",
      "isOrdered": true,
      "folders": {},
      "files": {}
    },
    "postfix": {
      "name": "postfix",
      "isOrdered": true,
      "folders": {},
      "files": {}
    },
    "postgresql-provider": {
      "name": "postgresql-provider",
      "isOrdered": true,
      "folders": {},
      "files": {}
    },
    "postgresql-server": {
      "name": "postgresql-server",
      "isOrdered": true,
      "folders": {},
      "files": {}
    },
    "postgresql": {
      "name": "postgresql",
      "isOrdered": true,
      "folders": {},
      "files": {}
    },
    "privacy-idea": {
      "name": "privacy-idea",
      "isOrdered": true,
      "folders": {},
      "files": {}
    },
    "proftpd": {
      "name": "proftpd",
      "isOrdered": true,
      "folders": {},
      "files": {}
    },
    "prometheus-agent": {
      "name": "prometheus-agent",
      "isOrdered": true,
      "folders": {},
      "files": {}
    },
    "prometheus": {
      "name": "prometheus",
      "isOrdered": true,
      "folders": {},
      "files": {}
    },
    "prosody": {
      "name": "prosody",
      "isOrdered": true,
      "folders": {},
      "files": {}
    },
    "python": {
      "name": "python",
      "isOrdered": true,
      "folders": {},
      "files": {}
    },
    "rabbitmq": {
      "name": "rabbitmq",
      "isOrdered": true,
      "folders": {},
      "files": {}
    },
    "rancid": {
      "name": "rancid",
      "isOrdered": true,
      "folders": {},
      "files": {}
    },
    "rasa": {
      "name": "rasa",
      "isOrdered": true,
      "folders": {},
      "files": {}
    },
    "redis": {
      "name": "redis",
      "isOrdered": true,
      "folders": {},
      "files": {}
    },
    "robot-framework": {
      "name": "robot-framework",
      "isOrdered": true,
      "folders": {},
      "files": {}
    },
    "rocketchat": {
      "name": "rocketchat",
      "isOrdered": true,
      "folders": {},
      "files": {}
    },
    "rspamd": {
      "name": "rspamd",
      "isOrdered": true,
      "folders": {},
      "files": {}
    },
    "ruby": {
      "name": "ruby",
      "isOrdered": true,
      "folders": {},
      "files": {}
    },
    "rundeck": {
      "name": "rundeck",
      "isOrdered": true,
      "folders": {},
      "files": {}
    },
    "scala": {
      "name": "scala",
      "isOrdered": true,
      "folders": {},
      "files": {}
    },
    "security-apache": {
      "name": "security-apache",
      "isOrdered": true,
      "folders": {},
      "files": {}
    },
    "security-mariadb": {
      "name": "security-mariadb",
      "isOrdered": true,
      "folders": {},
      "files": {}
    },
    "security-php": {
      "name": "security-php",
      "isOrdered": true,
      "folders": {},
      "files": {}
    },
    "security": {
      "name": "security",
      "isOrdered": true,
      "folders": {},
      "files": {}
    },
    "skeleton": {
      "name": "skeleton",
      "isOrdered": true,
      "folders": {},
      "files": {}
    },
    "smokeping": {
      "name": "smokeping",
      "isOrdered": true,
      "folders": {},
      "files": {}
    },
    "snmp": {
      "name": "snmp",
      "isOrdered": true,
      "folders": {},
      "files": {}
    },
    "solr": {
      "name": "solr",
      "isOrdered": true,
      "folders": {},
      "files": {}
    },
    "sonarqube": {
      "name": "sonarqube",
      "isOrdered": true,
      "folders": {},
      "files": {}
    },
    "spagobi": {
      "name": "spagobi",
      "isOrdered": true,
      "folders": {},
      "files": {}
    },
    "spark": {
      "name": "spark",
      "isOrdered": true,
      "folders": {},
      "files": {}
    },
    "ssl-certs": {
      "name": "ssl-certs",
      "isOrdered": true,
      "folders": {},
      "files": {}
    },
    "symfony": {
      "name": "symfony",
      "isOrdered": true,
      "folders": {},
      "files": {}
    },
    "tomcat": {
      "name": "tomcat",
      "isOrdered": true,
      "folders": {},
      "files": {}
    },
    "traefik": {
      "name": "traefik",
      "isOrdered": true,
      "folders": {},
      "files": {}
    },
    "trafficserver": {
      "name": "trafficserver",
      "isOrdered": true,
      "folders": {},
      "files": {}
    },
    "vagrant": {
      "name": "vagrant",
      "isOrdered": true,
      "folders": {},
      "files": {}
    },
    "varnish": {
      "name": "varnish",
      "isOrdered": true,
      "folders": {},
      "files": {}
    },
    "vault": {
      "name": "vault",
      "isOrdered": true,
      "folders": {},
      "files": {}
    },
    "webacula": {
      "name": "webacula",
      "isOrdered": true,
      "folders": {},
      "files": {}
    },
    "webmin": {
      "name": "webmin",
      "isOrdered": true,
      "folders": {},
      "files": {}
    },
    "wekan": {
      "name": "wekan",
      "isOrdered": true,
      "folders": {},
      "files": {}
    },
    "whmcs-modules": {
      "name": "whmcs-modules",
      "isOrdered": true,
      "folders": {},
      "files": {}
    },
    "whmcs": {
      "name": "whmcs",
      "isOrdered": true,
      "folders": {},
      "files": {}
    },
    "wireguard": {
      "name": "wireguard",
      "isOrdered": true,
      "folders": {},
      "files": {}
    },
    "wso2-generic": {
      "name": "wso2-generic",
      "isOrdered": true,
      "folders": {},
      "files": {}
    },
    "wso2am": {
      "name": "wso2am",
      "isOrdered": true,
      "folders": {},
      "files": {}
    },
    "wso2as": {
      "name": "wso2as",
      "isOrdered": true,
      "folders": {},
      "files": {}
    },
    "wso2bp": {
      "name": "wso2bp",
      "isOrdered": true,
      "folders": {},
      "files": {}
    },
    "wso2ei": {
      "name": "wso2ei",
      "isOrdered": true,
      "folders": {},
      "files": {}
    },
    "wso2iot": {
      "name": "wso2iot",
      "isOrdered": true,
      "folders": {},
      "files": {}
    },
    "wso2is": {
      "name": "wso2is",
      "isOrdered": true,
      "folders": {},
      "files": {}
    },
    "wso2sp": {
      "name": "wso2sp",
      "isOrdered": true,
      "folders": {},
      "files": {}
    },
    "zeppelin": {
      "name": "zeppelin",
      "isOrdered": true,
      "folders": {},
      "files": {}
    },
    "zimbra": {
      "name": "zimbra",
      "isOrdered": true,
      "folders": {},
      "files": {}
    },
    "zookeeper": {
      "name": "zookeeper",
      "isOrdered": true,
      "folders": {},
      "files": {}
    },
    "zpush": {
      "name": "zpush",
      "isOrdered": true,
      "folders": {},
      "files": {}
    },
    "zram": {
      "name": "zram",
      "isOrdered": true,
      "folders": {},
      "files": {}
    },
    "proxysql": {
      "name": "proxysql",
      "isOrdered": true,
      "folders": {},
      "files": {}
    }
  },
  "files": {
    "README": 0
  }
}